NAME,EMAIL,CONTACT
KANA BILI,bilikana@helpinghands.cm,691234567
JASON FANTO,fantojason@helpinghands.cm,691234567
ZIBI NONO,nonozibi@helpinghands.cm,691234567
SABI ALO,alosabi@helpinghands.cm,691234567
DRAKE MARCO,marcodrake@helpinghands.cm,691234567
RWE KIKI,kikirwe@helpinghands.cm,691234567
SAMA VELMA,velmasama@helpinghands.cm,691234567
SAA HILAIRE,hilairesaa@helpinghands.cm,691234567
HASAN AZIZ,azizhasan@helpinghands.cm,691234567
KAMENI JOE,joekameni@helpinghands.cm,691234567
FALLY IPUPA,ipupafally@helpinghands.cm,691234567
ATANGANA MIKE ,mikeatangana@helpinghands.cm,691234567
YOTI FRANK,frankyoti@helpinghands.cm,691234567
KALI SIMI,simikali@helpinghands.cm,691234567
GOLO KOKI,kokigolo@helpinghands.cm,691234567
TATA ZORO,zorotata@helpinghands.cm,691234567
MASA ILO,olimas@helpinghands.cm,691234567
VIN DOZ,dozvin@helpinghands.cm,691234567
NABILA FARI,farinabila@helpinghands.cm,691234567
SBASI OMO,omosbasi@helpinghands.cm,691234567
PINKY CARLA,carlapinky@helpinghands.cm,691234567
MVUE SAM,sammvue@helpinghands.cm,691234567
YOKI ONANA,onanayoki@helpinghands.cm,691234567
DADA HAKIM,hakimdada@helpinghands.cm,691234567
NOMO BILY,bilynomo@helpinghands.cm,691234567
FUTURE XAVI,xavifuture@helpinghands.cm,691234567
LOKO WAZO,wazoloko@helpinghands.cm,691234567
ZOZO ZAZA,zazazozo@helpinghands.cm,691234567
BUMSKI SMITH,smithbumski@helpinghands.cm,691234567
